Accuracy,Recall,Precision,F1
0.8385608856088561,0.8254840518663149,0.8269977308494267,0.8261376542810073
