Accuracy,Recall,Precision,F1
0.7827490774907749,0.7568548893401681,0.8146726494640738,0.7762658575932285
