Accuracy,Recall,Precision,F1
0.7310885608856088,0.698399254990959,0.7182175413886234,0.69999871459056
