Accuracy,Recall,Precision,F1
0.7730627306273062,0.7414147710742051,0.8055984023011298,0.7603215408338933
